,density,cp,qs1CO2,qs2CO2,b01CO2,b02CO2,H1CO2,H2CO2,qs1N2,qs2N2,b01N2,b02N2,H1N2,H2N2,material,Forcefield
0,490.4532945,579.5370041,7.20119,17.09522,5.760370E-06,5.440120E-06,37655.30946,29457.88176,7.20119,17.09522,1.99135E-04,1.99135E-04,8995.44835,8995.44835,apo+N320+N428+E51,DRE_DDEC
1,513.698054,728.982508,18.71669,20,9.568130E-06,1.094430E-06,31645.28959,31645.28959,18.71669,20,1.21213E-04,1.21213E-04,9900.26388,9900.26388,apo+N320+N634+E44,DRE_DDEC
2,418.6682248,774.0317218,16.40371,20,1.118730E-05,1.244730E-06,30879.26317,30879.26317,16.40371,20,1.71206E-04,1.71206E-04,8789.25366,8789.25366,asp+N624+N391+N320+E212+E50,DRE_DDEC
3,510.1889,739.8883305,18.06627,20,9.069790E-06,6.341230E-07,33562.91965,33562.91965,18.06627,20,1.18787E-04,1.18787E-04,10085.22985,10085.22985,asp+N73+N391+N320+E50+E50,DRE_DDEC
4,623.4812392,873.955215,1.09702,0.98577,1.607390E-06,1.228640E-08,46843.32221,46843.32221,1.09702,0.98577,5.75726E-06,5.75726E-06,17192.63886,17192.63886,cdq+N32+N244+E212+E48,DRE_DDEC
5,508.1564799,976.1749823,0.74178,0.002,3.971020E-07,3.688640E-21,50000,20000,0.74178,0.002,2.23138E-06,2.23138E-06,12136.39117,12136.39117,edi+N223+N237+E212+E69,DRE_DDEC
6,653.9582647,714.1886781,4.91516,20,1.017260E-05,3.067330E-06,35642.94881,31647.56379,4.91516,20,1.07301E-04,1.07301E-04,10468.19914,10468.19914,eft+N387+N426+N320+E212+E51,DRE_DDEC
7,635.54994,694.0234353,5.37212,20,3.563190E-06,3.563190E-06,38823.1488,30638.04893,5.37212,20,1.22760E-04,1.22760E-04,9925.24489,9925.24489,epu+N280+N421+N18+E51+E105,DRE_DDEC
8,524.3362438,678.2952518,4.67878,14.77796,3.818040E-06,2.585850E-06,42054.68234,34671.78031,4.67878,14.77796,7.99030E-05,7.99030E-05,11978.36089,11978.36089,epu+N280+N428+N18+E51+E127,DRE_DDEC
9,690.2794271,671.8466941,3.02103,17.05267,5.556710E-06,2.970760E-06,41858.45628,33858.80734,3.02103,17.05267,1.04082E-04,1.04082E-04,11089.50766,11089.50766,epu+N452+N428+N18+E51+E105,DRE_DDEC
10,624.8772669,590.1393929,6.82989,20,1.515670E-05,4.119410E-06,38696.50329,30910.73986,6.82989,20,6.85832E-05,6.85832E-05,11806.73092,11806.73092,fjh+N320+N223+N395+E51+E212,DRE_DDEC
11,631.9978159,715.4370813,14.16123,20,9.915030E-06,1.822070E-06,33728.17951,32336.64728,14.16123,20,1.04294E-04,1.04294E-04,10706.85249,10706.85249,fly+N123+N320+E112+E44+E51,DRE_DDEC
12,522.6379124,729.5170451,10.72105,15.03976,9.201060E-06,1.206190E-06,36438.1551,35691.56975,10.72105,15.03976,1.21752E-04,1.21752E-04,10902.55479,10902.55479,fly+N123+N320+E115+E44+E51,DRE_DDEC
13,496.7269497,771.1223928,19.84612,20,9.223620E-06,1.019500E-06,32524.52494,32524.52494,19.84612,20,1.13945E-04,1.13945E-04,10249.31329,10249.31329,fly+N123+N320+E5+E127+E212,DRE_DDEC
14,841.7111332,759.36844,14.56017,20,1.148920E-05,1.537170E-06,31965.85401,31965.85401,14.56017,20,1.39625E-04,1.39625E-04,9954.7455,9954.7455,fly+N123+N320+E5+E127+E51,DRE_DDEC
15,672.3304668,725.6734625,1.64023,20,3.486280E-04,2.457040E-06,33942.02629,33647.06492,1.64023,20,1.59436E-04,1.59436E-04,9887.71166,9887.71166,fly+N659+N18+E199+E51+E212,DRE_DDEC
16,723.5524824,722.0949541,2.33684,20,7.380640E-05,2.617610E-06,35663.67496,33058.19481,2.33684,20,1.34547E-04,1.34547E-04,10240.28242,10240.28242,fly+N659+N18+E199+E51+E50,DRE_DDEC
17,667.7794865,710.1146968,9.20298,18.07813,6.504900E-06,2.271670E-06,37033.29704,33695.04842,9.20298,18.07813,1.03472E-04,1.03472E-04,11141.53154,11141.53154,fly+N659+N320+E180+E44+E51,DRE_DDEC
18,688.7554397,712.6590551,11.02555,16.02126,8.068590E-06,1.770960E-06,35608.56458,33542.17818,11.02555,16.02126,1.14599E-04,1.14599E-04,10743.84371,10743.84371,fly+N659+N320+E48+E44+E51,DRE_DDEC
19,661.3737385,695.0755659,10.75449,13.98948,8.458900E-06,1.337950E-06,36588.12596,34905.74356,10.75449,13.98948,1.41165E-04,1.41165E-04,10317.02974,10317.02974,fly+N659+N320+E51+E44+E51,DRE_DDEC
20,661.9930628,704.0078663,8.05482,17.89341,6.704220E-06,2.030050E-06,37956.29038,34673.48684,8.05482,17.89341,8.42265E-05,8.42265E-05,11734.43167,11734.43167,fly+N659+N320+E58+E44+E51,DRE_DDEC
21,682.1107964,990.1117962,0.70846,0.70519,6.434420E-08,6.434420E-08,44949.91158,41668.48239,0.70846,0.70519,1.49181E-06,1.49181E-06,18921.6014,18921.6014,fse+N211+N244+E212+E44,DRE_DDEC
22,660.1403749,740.2122199,12.02264,20,7.976900E-06,3.635380E-06,32198.87171,32198.87171,12.02264,20,1.31574E-04,1.31574E-04,9866.20618,9866.20618,gra+N320+N172+E50+E51,DRE_DDEC
23,682.418255,730.778219,8.95973,20,1.077790E-05,3.465750E-06,31875.584,31624.40565,8.95973,20,1.74755E-04,1.74755E-04,8779.41152,8779.41152,gra+N320+N172+E51+E212,DRE_DDEC
24,498.4926196,780.0023579,19.84786,20,8.188030E-06,8.709360E-07,32319.62537,32319.62537,19.84786,20,9.07513E-05,9.07513E-05,10642.31323,10642.31323,gra+N320+N391+E212+E127,DRE_DDEC
25,511.3387723,788.6699212,17.77741,20,9.324120E-06,7.033030E-07,33505.83372,33505.83372,17.77741,20,1.38911E-04,1.38911E-04,9881.12762,9881.12762,gra+N320+N391+E212+E71,DRE_DDEC
26,514.3476614,750.1832587,20,20,6.622980E-06,1.110090E-06,34350.01428,34350.01428,20,20,1.11471E-04,1.11471E-04,10950.22062,10950.22062,gra+N320+N391+E50+E127,DRE_DDEC
27,514.0573369,743.0631731,20,20,8.114500E-06,2.482070E-06,32468.60723,32468.60723,20,20,1.60261E-04,1.60261E-04,9155.69172,9155.69172,gra+N320+N391+E50+E19,DRE_DDEC
28,1676.964171,754.2613065,20,20,9.386670E-06,9.384500E-07,34086.51097,34086.51097,20,20,1.09593E-04,1.09593E-04,10313.61112,10313.61112,gra+N320+N391+E50+E212,DRE_DDEC
29,2270.012889,735.501643,20,20,9.156650E-06,1.118280E-06,33224.15675,33224.15675,20,20,1.13820E-04,1.13820E-04,9940.18659,9940.18659,gra+N320+N391+E50+E51,DRE_DDEC
30,443.3038381,747.0892605,16.15854,20,8.335360E-06,8.314370E-07,32464.0123,32464.0123,16.15854,20,1.24741E-04,1.24741E-04,9621.37952,9621.37952,gra+N320+N391+E51+E115,DRE_DDEC
31,1575.243189,621.3688901,1.70123,2.44356,1.286900E-06,1.286900E-06,39345.46123,33272.46542,1.70123,2.44356,2.06492E-05,2.06492E-05,14646.40398,14646.40398,hjm+N387+E44,DRE_DDEC
32,1831.499333,721.9847329,0.41744,0.17051,5.081250E-08,2.218740E-08,47683.24122,42840.50454,0.41744,0.17051,2.57838E-07,2.57838E-07,24863.55719,24863.55719,hjm+N448+E165,DRE_DDEC
33,1075.173273,732.1704667,4.12687,20,1.565640E-05,3.927690E-06,37505.46551,31766.87876,4.12687,20,1.42122E-04,1.42122E-04,10025.5382,10025.5382,hms+N320+N172+E51+E212,DRE_DDEC
34,1083.017066,725.5102506,13.03959,20,4.618750E-06,4.618750E-06,33959.97422,27862.5149,13.03959,20,1.61528E-04,1.61528E-04,8905.78283,8905.78283,hms+N320+N172+E51+E228,DRE_DDEC
35,565.4449714,720.3093904,4.95969,19.6308,6.077950E-06,4.679450E-06,38573.28805,30839.70385,4.95969,19.6308,1.53970E-04,1.53970E-04,9628.98953,9628.98953,hms+N320+N172+E51+E51,DRE_DDEC
36,377.9685285,724.6955118,12.11102,20,6.643250E-06,1.932100E-06,36278.7705,31465.38842,12.11102,20,1.31921E-04,1.31921E-04,9718.42148,9718.42148,hms+N320+N391+E51+E212,DRE_DDEC
37,756.6654357,775.1734358,10.50537,20,7.211590E-06,2.351980E-06,35363.81682,32431.11679,10.50537,20,1.46728E-04,1.46728E-04,9726.98719,9726.98719,hww+N599+N320+E105+E212,DRE_DDEC
38,1776.543713,723.8719525,2.73976,20,2.819310E-05,2.906490E-06,37575.06121,33966.96333,2.73976,20,1.27161E-04,1.27161E-04,10252.24537,10252.24537,hww+N599+N320+E127+E51,DRE_DDEC
39,649.7167346,777.4816565,9.88243,20,5.244960E-06,3.211850E-06,36111.19571,31994.11134,9.88243,20,1.23483E-04,1.23483E-04,10267.3369,10267.3369,hww+N599+N320+E145+E212,DRE_DDEC
40,726.09073,754.5941663,9.6098,20,5.077280E-06,3.498330E-06,36107.24755,31503.04523,9.6098,20,1.51036E-04,1.51036E-04,9634.45711,9634.45711,hww+N599+N320+E155+E212,DRE_DDEC
41,877.9689559,702.7540355,5.44344,20,4.486810E-06,3.576870E-06,35373.40688,31817.6936,5.44344,20,1.51661E-04,1.51661E-04,9354.58857,9354.58857,hww+N599+N320+E155+E51,DRE_DDEC
42,791.7581661,722.402877,2.96828,18.58591,1.251050E-05,4.088860E-06,40247.46864,33056.98684,2.96828,18.58591,1.09930E-04,1.09930E-04,10644.19364,10644.19364,hww+N599+N320+E51+E51,DRE_DDEC
43,856.4157173,789.9370535,12.64115,20,7.136560E-06,2.294460E-06,34270.49772,31962.36798,12.64115,20,1.51020E-04,1.51020E-04,9579.16831,9579.16831,hww+N599+N320+E5+E212,DRE_DDEC
44,753.5716188,732.7621501,7.23762,20,7.272520E-06,3.642880E-06,33514.6158,31697.50468,7.23762,20,1.66991E-04,1.66991E-04,9132.37349,9132.37349,hww+N599+N320+E5+E51,DRE_DDEC
45,658.8476367,742.3336381,7.97121,20,2.917370E-05,2.040280E-06,33367.64464,33367.64464,7.97121,20,1.31310E-04,1.31310E-04,10147.89729,10147.89729,hwx+N308+N320+E212,DRE_DDEC
46,593.9114016,714.1685429,11.11654,20,1.225410E-05,2.381820E-06,35339.46393,33320.01079,11.11654,20,1.02413E-04,1.02413E-04,11102.63371,11102.63371,hwx+N308+N320+E50,DRE_DDEC
47,704.1335154,636.6499982,4.81055,18.52092,6.408860E-06,3.421520E-06,41158.33847,33051.92196,4.81055,18.52092,1.12603E-04,1.12603E-04,10933.97891,10933.97891,hwx+N421+N320+E51,DRE_DDEC
48,520.9743964,772.9476235,11.63661,20,1.270330E-05,1.345510E-06,31514.89112,31514.89112,11.63661,20,9.92557E-05,9.92557E-05,10488.09046,10488.09046,hyb+N599+N320+E212+E50+E212,DRE_DDEC
49,530.7890141,726.0553523,16.39162,20,8.458690E-06,1.286150E-06,30341.91836,30341.91836,16.39162,20,1.14067E-04,1.14067E-04,9258.03894,9258.03894,hyb+N599+N320+E51+E212+E50,DRE_DDEC
50,608.0226078,721.7864555,17.61012,20,7.545230E-06,1.205090E-06,30304.24817,30304.24817,17.61012,20,9.04682E-05,9.04682E-05,9808.9706,9808.9706,hyb+N599+N320+E51+E50+E50,DRE_DDEC
51,602.0343416,710.7950892,20,20,7.680290E-06,1.685150E-06,29077.44168,29077.44168,20,20,9.61260E-05,9.61260E-05,9252.94526,9252.94526,hyb+N599+N320+E51+E51+E44,DRE_DDEC
52,561.2066221,718.1146392,16.00153,20,6.837770E-06,1.112120E-06,30298.72368,30298.72368,16.00153,20,1.09022E-04,1.09022E-04,9134.80939,9134.80939,hyb+N599+N320+E51+E51+E50,DRE_DDEC
53,629.6418057,558.628701,6.76711,16.09546,5.033420E-06,5.033420E-06,37912.12136,28254.01389,6.76711,16.09546,1.48030E-04,1.48030E-04,9284.69478,9284.69478,ith-d+N320+N428+E51+E19,DRE_DDEC
54,544.4195538,721.7739402,16.58307,20,4.179230E-06,4.179230E-06,32893.09845,27034.18589,16.58307,20,1.35980E-04,1.35980E-04,8626.46148,8626.46148,kdd+N320+N172+E51+E51,DRE_DDEC
55,656.1234638,744.9603184,20,20,6.340510E-06,2.746350E-06,31602.72986,31602.72986,20,20,2.28324E-04,2.28324E-04,8243.98121,8243.98121,kdd+N320+N391+E19+E127,DRE_DDEC
56,726.6608738,726.2296628,20,20,8.244370E-06,3.035280E-06,30716.38918,30716.38918,20,20,1.68292E-04,1.68292E-04,8662.33491,8662.33491,kdd+N320+N391+E19+E51,DRE_DDEC
57,720.6549949,782.0519467,18.84056,20,7.662150E-06,6.338780E-07,33407.26949,33407.26949,18.84056,20,1.81378E-04,1.81378E-04,8774.52186,8774.52186,kdd+N320+N391+E212+E127,DRE_DDEC
58,684.6130598,774.4026958,16.68365,20,9.389160E-06,7.033130E-07,33971.92622,33971.92622,16.68365,20,1.29064E-04,1.29064E-04,9705.27012,9705.27012,kdd+N320+N391+E212+E50,DRE_DDEC
59,692.1492346,753.6618462,20,20,7.752060E-06,9.699900E-07,34210.57262,34210.57262,20,20,1.39985E-04,1.39985E-04,9673.06458,9673.06458,kdd+N320+N391+E50+E127,DRE_DDEC
60,741.7266233,737.4459262,18.78696,20,9.287680E-06,7.602110E-07,33565.83212,33565.83212,18.78696,20,1.51048E-04,1.51048E-04,9199.15019,9199.15019,kdd+N320+N391+E50+E51,DRE_DDEC
61,708.7903851,724.2008385,16.73334,20,7.933640E-06,6.836870E-07,32861.63023,32861.63023,16.73334,20,1.47503E-04,1.47503E-04,8963.88609,8963.88609,kdd+N320+N391+E51+E127,DRE_DDEC
62,1359.810202,630.3718252,9.67085,20,1.579170E-05,9.704400E-07,31686.34947,31628.78279,9.67085,20,1.32586E-04,1.32586E-04,9350.94946,9350.94946,kdd+N320+N391+E51+E185,DRE_DDEC
63,1489.381856,718.1564685,15.90432,20,1.084020E-05,9.928690E-07,32388.68313,32388.68313,15.90432,20,1.26157E-04,1.26157E-04,9272.95143,9272.95143,kdd+N320+N391+E51+E50,DRE_DDEC
64,1354.075923,549.0488608,0.62067,0.4496,1.712880E-07,1.015020E-07,48507.01882,41622.75525,0.62067,0.4496,2.22835E-06,2.22835E-06,20136.24841,20136.24841,key+N173+N568+N495+E180+E50,DRE_DDEC
65,595.4406395,537.7404101,0.25094,0.8931,1.378290E-07,1.378290E-07,46147.02083,36857.98799,0.25094,0.8931,1.01778E-06,1.01778E-06,19164.01859,19164.01859,key+N221+N568+N495+E180+E51,DRE_DDEC
66,689.9607981,749.0118349,15.04583,20,1.361580E-05,1.318470E-06,32344.29567,32344.29567,15.04583,20,1.26075E-04,1.26075E-04,10055.29522,10055.29522,lhh+N172+N320+E19+E50,DRE_DDEC
67,650.3825134,763.1307673,12.4727,20,1.595320E-05,1.195720E-06,33168.37011,33168.37011,12.4727,20,1.37443E-04,1.37443E-04,10007.22002,10007.22002,lhh+N172+N320+E212+E50,DRE_DDEC
68,668.2837144,729.8127953,4.12587,20,6.831730E-05,2.615990E-06,32388.53484,32251.83238,4.12587,20,1.71564E-04,1.71564E-04,9418.70696,9418.70696,lhh+N172+N320+E212+E51,DRE_DDEC
69,519.3586297,721.6466979,3.3136,20,1.934700E-05,4.232470E-06,37744.25829,31672.76706,3.3136,20,1.83926E-04,1.83926E-04,9416.1864,9416.1864,lhh+N172+N320+E50+E51,DRE_DDEC
70,476.7459085,718.4626877,3.90022,20,1.119200E-05,3.819950E-06,37196.55024,31508.39275,3.90022,20,1.57940E-04,1.57940E-04,9563.56377,9563.56377,lhh+N172+N320+E51+E51,DRE_DDEC
71,479.8676289,736.3391182,20,20,8.070580E-06,1.083600E-06,33201.96809,33201.96809,20,20,1.81286E-04,1.81286E-04,9086.22191,9086.22191,lhh+N391+N320+E127+E44,DRE_DDEC
72,463.2248523,714.668875,18.11657,20,1.191090E-05,9.063540E-07,33352.39263,33352.39263,18.11657,20,1.55721E-04,1.55721E-04,9780.03515,9780.03515,lhh+N391+N320+E131+E44,DRE_DDEC
73,452.6314087,748.6522622,20,20,1.099980E-05,1.358700E-06,31853.96024,31853.96024,20,20,2.22088E-04,2.22088E-04,8580.1961,8580.1961,lhh+N391+N320+E151+E44,DRE_DDEC
74,557.6781353,744.602408,19.911,20,9.921510E-06,1.046810E-06,32014.08027,32014.08027,19.911,20,1.87403E-04,1.87403E-04,9015.97608,9015.97608,lhh+N391+N320+E184+E44,DRE_DDEC
75,479.3218771,727.2083574,20,20,9.047190E-06,1.536390E-06,31424.71792,31424.71792,20,20,2.13086E-04,2.13086E-04,8410.2954,8410.2954,lhh+N391+N320+E19+E44,DRE_DDEC
76,503.1266711,739.5215555,18.08873,20,9.870920E-06,7.120790E-07,33752.00573,33752.00573,18.08873,20,1.53012E-04,1.53012E-04,9528.4171,9528.4171,lhh+N391+N320+E212+E19,DRE_DDEC
77,518.8918719,738.6297129,20,20,9.128890E-06,1.350300E-06,32039.08379,32039.08379,20,20,1.32811E-04,1.32811E-04,9523.01974,9523.01974,lhh+N391+N320+E212+E44,DRE_DDEC
78,530.464785,753.9380322,15.05367,20,1.080190E-05,8.668450E-07,37903.14329,35510.31491,15.05367,20,1.16253E-04,1.16253E-04,10920.59416,10920.59416,lhh+N391+N320+E212+E50,DRE_DDEC
79,577.6351397,722.6939505,10.61712,20,6.820740E-06,2.199350E-06,38087.954,32469.37175,10.61712,20,1.01962E-04,1.01962E-04,10665.06108,10665.06108,lhh+N391+N320+E212+E51,DRE_DDEC
80,561.7429737,741.9620322,16.73732,20,1.397470E-05,6.450870E-07,35338.84875,35338.84875,16.73732,20,9.58082E-05,9.58082E-05,11280.89578,11280.89578,lhh+N391+N320+E44+E50,DRE_DDEC
81,642.2421213,727.6562862,20,20,9.249870E-06,9.019200E-07,33962.20072,33962.20072,20,20,1.45993E-04,1.45993E-04,9651.81242,9651.81242,lhh+N391+N320+E50+E44,DRE_DDEC
82,624.4574005,743.3106759,15.75654,20,9.025760E-06,1.115910E-06,38004.78106,34459.13306,15.75654,20,9.26964E-05,9.26964E-05,11431.7314,11431.7314,lhh+N391+N320+E50+E50,DRE_DDEC
83,1660.811939,690.532304,20,17.82923,4.711520E-06,4.711520E-06,33378.06381,29495.62834,20,17.82923,1.35586E-04,1.35586E-04,9421.65085,9421.65085,llj+N712+N320+E105,DRE_DDEC
84,2117.13992,744.5609575,6.55245,20,3.114720E-05,1.297680E-06,34941.60207,33847.64114,6.55245,20,1.26305E-04,1.26305E-04,10307.38176,10307.38176,mcf+N320+N391+E50+E212+E51,DRE_DDEC
85,655.925342,685.1808441,20,14.53428,2.674810E-06,2.674810E-06,36824.96493,30059.2892,20,14.53428,1.54406E-04,1.54406E-04,9413.15796,9413.15796,mcn+N18+N221+E199+E50+E212,DRE_DDEC
86,597.0608655,670.6146155,13.09631,17.01252,3.240000E-06,3.240000E-06,37229.02432,30392.94955,13.09631,17.01252,1.32804E-04,1.32804E-04,9704.31035,9704.31035,mcn+N18+N221+E199+E51+E212,DRE_DDEC
87,673.9302611,682.6271578,20,13.16142,3.687020E-06,1.953130E-06,35947.36724,31646.60189,20,13.16142,1.18399E-04,1.18399E-04,10135.53262,10135.53262,mcn+N18+N221+E212+E50+E212,DRE_DDEC
88,465.242177,668.2447083,10.93397,18.66485,3.085160E-06,3.085160E-06,38414.10722,31443.24641,10.93397,18.66485,1.04623E-04,1.04623E-04,10347.46601,10347.46601,mcn+N18+N221+E212+E51+E212,DRE_DDEC
89,479.8716342,703.0805146,3.76428,17.0526,4.402990E-06,4.402990E-06,39297.81798,30599.3548,3.76428,17.0526,1.15117E-04,1.15117E-04,10282.45467,10282.45467,mcn+N18+N339+E44+E51+E51,DRE_DDEC
90,524.5744991,695.5145838,11.15712,20,8.657890E-06,2.091460E-06,35413.1146,32760.71073,11.15712,20,1.07209E-04,1.07209E-04,10578.23047,10578.23047,mcn+N320+N674+E199+E50+E212,DRE_DDEC
91,524.8992361,687.2573666,12.20554,20,1.266430E-05,1.090180E-06,34454.91484,34124.94581,12.20554,20,8.90076E-05,8.90076E-05,11032.33249,11032.33249,mcn+N320+N674+E44+E50+E212,DRE_DDEC
92,469.8208556,607.7119776,8.96537,15.49324,3.367170E-06,3.367170E-06,37712.07083,30680.80588,8.96537,15.49324,2.04093E-04,2.04093E-04,9024.67119,9024.67119,mmn+N18+N221+N395+E50+E105+E186,DRE_DDEC
93,510.309465,606.8779062,6.72356,15.76729,3.659540E-06,3.659540E-06,37973.09913,30831.44632,6.72356,15.76729,1.78512E-04,1.78512E-04,9337.75723,9337.75723,mmn+N18+N221+N395+E51+E105+E186,DRE_DDEC
94,526.2772121,607.9568372,6.43648,13.37209,3.226930E-06,3.226930E-06,39133.75501,31889.37826,6.43648,13.37209,1.13561E-04,1.13561E-04,10739.23537,10739.23537,mmn+N18+N221+N395+E51+E105+E212,DRE_DDEC
95,570.8349551,607.0946632,5.85418,15.68848,5.044830E-06,4.746890E-06,37746.23265,30597.29545,5.85418,15.68848,1.59542E-04,1.59542E-04,9725.98826,9725.98826,mmn+N18+N221+N395+E51+E105+E228,DRE_DDEC
96,572.4140927,601.463086,7.85356,13.05077,3.416690E-06,3.416690E-06,38607.55742,31969.64782,7.85356,13.05077,1.47026E-04,1.47026E-04,10069.58567,10069.58567,mmn+N18+N221+N395+E51+E19+E186,DRE_DDEC
97,538.4833171,626.9264619,13.75856,15.87358,3.369090E-06,3.369090E-06,37940.01441,30701.6865,13.75856,15.87358,1.44456E-04,1.44456E-04,9970.2295,9970.2295,muo+N245+N221+N320+E19+E92+E212,DRE_DDEC
98,706.1993,632.3660478,14.71886,18.32073,3.442520E-06,3.227470E-06,37780.21176,29579.54952,14.71886,18.32073,1.22473E-04,1.22473E-04,10160.9926,10160.9926,muo+N245+N221+N320+E50+E120+E212,DRE_DDEC
99,589.2264718,754.5466093,20,20,8.654530E-06,1.212630E-06,33236.44569,32650.50717,20,20,1.29952E-04,1.29952E-04,10004.36394,10004.36394,pyr+N320+N289+E18,DRE_DDEC
100,704.0213425,703.6791191,20,9.28882,4.378760E-06,1.504630E-06,35343.75553,31995.43372,20,9.28882,7.34119E-05,7.34119E-05,11559.64401,11559.64401,pyr+N320+N289+E51,DRE_DDEC
101,598.3004676,766.7559045,19.8649,11.01459,3.239480E-06,3.732430E-07,38527.41986,34844.0539,19.8649,11.01459,8.65893E-05,8.65893E-05,11486.11984,11486.11984,pyr+N320+N634+E212,DRE_DDEC
102,589.2470103,570.3022948,14.22331,14.63962,2.391910E-06,2.391910E-06,30257.5534,30257.5534,14.22331,14.63962,1.01414E-04,1.01414E-04,9250.32507,9250.32507,pyr+N682+N221+E212,DRE_DDEC
103,622.0387809,526.1590111,12.86623,13.00477,1.886420E-06,1.886420E-06,30433.63179,30433.63179,12.86623,13.00477,1.18088E-04,1.18088E-04,8620.7583,8620.7583,pyr+N682+N221+E51,DRE_DDEC
104,594.8717703,733.5521026,0.29163,0.29136,5.096880E-07,1.450450E-07,49316.4198,39091.57525,0.29163,0.29136,3.10781E-06,3.10781E-06,15425.44431,15425.44431,qtz-x+N634+E171,DRE_DDEC
105,655.3607199,845.6231368,0.5898,1.04739,5.830060E-07,3.053480E-08,50000,37490.40149,0.5898,1.04739,1.31233E-06,1.31233E-06,16828.46412,16828.46412,qtz-x+N9+E50,DRE_DDEC
106,614.8262905,544.5523618,3.76575,17.27031,5.570820E-06,2.932100E-06,39022.10172,31662.86155,3.76575,17.27031,1.22886E-04,1.22886E-04,10176.59405,10176.59405,sda+N77+E105,DRE_DDEC
107,701.6802493,766.666613,2.37027,20,7.513180E-05,2.748620E-06,39195.87914,35881.62577,2.37027,20,1.19553E-04,1.19553E-04,11087.48046,11087.48046,tfz-d+N21+N18+E115+E44,DRE_DDEC
108,713.2529914,734.9986091,10.65677,20,2.753520E-05,1.134590E-06,35578.51886,35578.51886,10.65677,20,9.55115E-05,9.55115E-05,11370.65492,11370.65492,tfz-d+N21+N320+E105+E13,DRE_DDEC
109,591.7503024,762.8479135,4.45611,20,1.840050E-05,3.627080E-06,33332.52237,33332.52237,4.45611,20,1.51183E-04,1.51183E-04,10086.43392,10086.43392,tfz-d+N369+N320+E115+E44,DRE_DDEC
110,678.9862467,795.9670559,5.99384,20,2.526010E-05,4.022720E-06,32398.11584,32398.11584,5.99384,20,1.09810E-04,1.09810E-04,10971.36989,10971.36989,tfz-d+N582+N320+E115+E44,DRE_DDEC
111,651.9199795,656.9462709,6.48729,20,2.109120E-05,2.733790E-06,30803.61974,30803.61974,6.48729,20,2.06221E-04,2.06221E-04,8463.11956,8463.11956,tsb+N245+N320+N373+E51+E51,DRE_DDEC
112,631.2223881,683.3395547,20,20,6.389760E-06,3.056040E-06,29959.62886,29959.62886,20,20,1.88345E-04,1.88345E-04,8141.2285,8141.2285,tsx+N197+N320+E105,DRE_DDEC
113,723.3796658,687.489494,16.24508,20,1.095480E-05,1.239440E-06,31193.70487,31193.70487,16.24508,20,2.38493E-04,2.38493E-04,8010.21559,8010.21559,tsx+N467+N320+E105,DRE_DDEC
114,562.4081348,700.9826733,20,20,7.393430E-06,2.451990E-06,30775.75,30775.75,20,20,1.80693E-04,1.80693E-04,8540.66344,8540.66344,tsx+N589+N320+E105,DRE_DDEC
115,622.1076626,726.4237731,15.87693,12.97024,4.136870E-06,3.264820E-06,36363.90782,30551.70592,15.87693,12.97024,1.95439E-04,1.95439E-04,9233.94345,9233.94345,ttz+N320+N320+N659+E151+E51+E212,DRE_DDEC
116,631.4089963,715.413354,14.87579,14.68177,4.804640E-06,4.223650E-06,35761.41547,29548.57984,14.87579,14.68177,1.54951E-04,1.54951E-04,9566.9655,9566.9655,ttz+N320+N320+N659+E19+E51+E212,DRE_DDEC
117,724.5562517,1090.004192,0.46131,11.37274,7.847540E-08,3.012880E-08,43898.27877,30064.09768,0.46131,11.37274,1.07799E-08,1.07799E-08,23834.37076,23834.37076,uop+N3+E212,DRE_DDEC
118,729.1540467,710.3432782,7.12375,20,3.694590E-06,2.332790E-06,41653.66093,32301.84061,7.12375,20,9.79563E-05,9.79563E-05,10621.13103,10621.13103,ury+N499+N320+N712+E51+E44,DRE_DDEC
119,707.990237,744.8672829,7.35235,20,1.243790E-05,2.097120E-06,37851.45809,33583.47819,7.35235,20,1.19110E-04,1.19110E-04,10870.77797,10870.77797,ury+N499+N320+N712+E69+E44,DRE_DDEC
120,573.824344,849.2741205,0.4399,0.61793,1.736070E-07,8.657470E-08,50000,42625.85354,0.4399,0.61793,1.66706E-06,1.66706E-06,18686.48917,18686.48917,wid+N9+E212,DRE_DDEC
121,623.2705948,788.0889241,0.19374,0.33188,3.718400E-07,4.754200E-08,49995.73536,44937.40164,0.19374,0.33188,1.88407E-06,1.88407E-06,16680.47543,16680.47543,wie+N6+E51,DRE_DDEC
122,483.6213609,626.3881493,6.01504,20,3.863850E-05,2.509100E-06,35435.46612,32847.44078,6.01504,20,1.19070E-04,1.19070E-04,10711.38755,10711.38755,xab+N428+N320+E212+E51,DRE_DDEC
123,535.8706922,761.6520648,20,16.30178,6.154190E-06,1.942440E-06,35480.30249,32220.0564,20,16.30178,1.41577E-04,1.41577E-04,10151.57607,10151.57607,xao+N391+N320+E212+E50+E212,DRE_DDEC
124,522.9986965,743.7220485,18.05218,20,1.284020E-05,2.019650E-06,31685.19791,31575.44879,18.05218,20,2.20540E-04,2.20540E-04,8802.92102,8802.92102,xao+N391+N320+E50+E19+E50,DRE_DDEC
125,559.242241,729.5643565,10.4178,20,6.732410E-06,4.807350E-06,34584.644,30791.39018,10.4178,20,1.89846E-04,1.89846E-04,9144.54832,9144.54832,xao+N391+N320+E50+E51+E212,DRE_DDEC
126,594.6278575,721.5781989,9.9188,20,5.796320E-06,4.961050E-06,35068.25031,30457.32796,9.9188,20,2.04971E-04,2.04971E-04,8899.89467,8899.89467,xao+N391+N320+E50+E51+E51,DRE_DDEC
127,518.3440323,580.9160699,7.19598,20,9.291340E-06,3.307220E-06,32503.85535,29365.75161,7.19598,20,1.51758E-04,1.51758E-04,8929.93905,8929.93905,xbq+N14+N320+N495+E51+E51,DRE_DDEC
128,585.1550222,966.6673249,0.61964,0.20024,2.999440E-07,2.833620E-18,39912.88977,20000.00001,0.61964,0.20024,3.05121E-07,3.05121E-07,23559.55503,23559.55503,yav-d+N475+N492+E212+E212,DRE_DDEC
129,599.6531307,617.5808096,11.20731,20,3.087270E-05,1.542430E-06,33756.21064,33756.21064,11.20731,20,8.41491E-05,8.41491E-05,11626.97196,11626.97196,idp+N395+N320+N646+E50+E44,DRE_DDEC
130,624.2221519,699.7834562,10.5012,20,1.395560E-05,1.849920E-06,30921.56642,30921.56642,10.5012,20,1.74217E-04,1.74217E-04,8839.7804,8839.7804,pdp+N320+N691+N153+E51+E44,DRE_DDEC
131,626.1138877,719.0092809,8.0392,20,9.483950E-06,2.712670E-06,34627.05681,31973.03732,8.0392,20,1.59339E-04,1.59339E-04,9689.55157,9689.55157,pdp+N320+N691+N256+E50+E51,DRE_DDEC
132,621.7134538,745.4325169,13.51631,20,1.140200E-05,1.490700E-06,33314.81129,32563.93198,13.51631,20,1.04616E-04,1.04616E-04,10637.16812,10637.16812,pdp+N320+N691+N624+E50+E212,DRE_DDEC
133,639.2155499,766.3950995,0.6937,9.47E-34,9.012800E-08,1.743590E-14,43143.64476,20000.01835,0.6937,9.47E-34,1.00254E-06,1.00254E-06,18200.83365,18200.83365,sto+N499+N388+E51+E51+E212,DRE_DDEC
134,522.6926922,704.4818821,19.66666,20,1.048330E-05,2.477570E-06,30268.58035,30001.31492,19.66666,20,1.46047E-04,1.46047E-04,9078.12518,9078.12518,ylf+N123+N320+E105+E44+E212,DRE_DDEC
135,825.7220096,708.5470891,12.39937,20,4.220200E-06,3.260150E-06,36807.15325,31504.40349,12.39937,20,1.18822E-04,1.18822E-04,10614.85075,10614.85075,ylf+N123+N320+E105+E50+E51,DRE_DDEC
136,617.4784226,712.7019033,14.07733,10.51055,4.245250E-06,9.898110E-07,37721.67033,34352.20281,14.07733,10.51055,1.14583E-04,1.14583E-04,10639.91357,10639.91357,ylf+N123+N320+E127+E51+E212,DRE_DDEC
137,673.7092281,723.3375409,13.86334,19.78298,6.508740E-06,2.974060E-06,34236.11939,31335.10742,13.86334,19.78298,1.44530E-04,1.44530E-04,9821.64912,9821.64912,ylf+N123+N320+E13+E44+E171,DRE_DDEC
138,479.4940007,717.4539417,19.14878,14.57191,6.003220E-06,2.003200E-06,34053.61927,31713.16384,19.14878,14.57191,1.16093E-04,1.16093E-04,10307.39343,10307.39343,ylf+N123+N320+E13+E44+E212,DRE_DDEC
139,617.9717232,710.7413735,16.11258,10.04092,4.520230E-06,5.271280E-07,37176.14971,35390.88864,16.11258,10.04092,1.26786E-04,1.26786E-04,10369.16107,10369.16107,ylf+N123+N320+E18+E51+E212,DRE_DDEC
140,668.7989034,703.6344026,14.78495,10.19128,4.355970E-06,9.945510E-07,37368.41669,34071.31461,14.78495,10.19128,1.15918E-04,1.15918E-04,10604.17533,10604.17533,ylf+N123+N320+E18+E51+E51,DRE_DDEC
141,530.7989941,714.6230737,20,9.40694,5.188130E-06,1.749160E-06,34417.99039,32374.34925,20,9.40694,1.47503E-04,1.47503E-04,9809.13631,9809.13631,ylf+N123+N320+E212+E44+E51,DRE_DDEC
142,595.4971547,711.4917581,12.39941,10.95054,4.940800E-06,1.134070E-06,38027.13212,34324.7788,12.39941,10.95054,9.42333E-05,9.42333E-05,11388.08785,11388.08785,ylf+N123+N320+E48+E51+E51,DRE_DDEC
143,441.745765,704.009433,20,9.08724,5.624370E-06,1.248440E-06,34396.35035,33292.2939,20,9.08724,1.35961E-04,1.35961E-04,9975.11971,9975.11971,ylf+N123+N320+E51+E44+E51,DRE_DDEC
144,495.9635192,715.4299286,14.01684,10.32511,5.729850E-06,4.133940E-07,38439.2281,37682.18621,14.01684,10.32511,8.44253E-05,8.44253E-05,11837.5549,11837.5549,ylf+N123+N320+E51+E50+E51,DRE_DDEC
145,498.5154468,700.4923286,10.72117,10.30082,6.071020E-06,7.645580E-07,38056.93014,36637.25843,10.72117,10.30082,9.08671E-05,9.08671E-05,11407.20724,11407.20724,ylf+N123+N320+E51+E51+E51,DRE_DDEC
146,542.9032696,751.8790927,2.71367,20,9.609210E-06,4.340760E-06,36180.70769,32200.3781,2.71367,20,1.41652E-04,1.41652E-04,9919.66609,9919.66609,zbs+N320+N242+E51+E51+E51,DRE_DDEC
147,400.0642648,724.380882,15.8673,20,1.205750E-05,1.688400E-06,33689.7651,33689.7651,15.8673,20,9.09437E-05,9.09437E-05,11135.48708,11135.48708,zbs+N320+N391+E19+E131+E50,DRE_DDEC
148,484.2474783,734.3484584,14.51225,20,1.406950E-05,1.423050E-06,33796.10823,33796.10823,14.51225,20,8.85512E-05,8.85512E-05,11130.22055,11130.22055,zbs+N320+N391+E212+E131+E50,DRE_DDEC
149,472.0468169,715.9091678,13.25644,20,1.385030E-05,1.625870E-06,32328.43494,32328.43494,13.25644,20,8.78781E-05,8.78781E-05,10661.87381,10661.87381,zbs+N320+N391+E212+E131+E51,DRE_DDEC
150,527.5226464,755.3316881,12.32378,20,1.412410E-05,1.502370E-06,35257.70088,35257.70088,12.32378,20,9.63067E-05,9.63067E-05,11043.24498,11043.24498,zbs+N320+N391+E212+E212+E50,DRE_DDEC
151,544.0155133,732.0371033,10.03462,20,1.495490E-05,1.678290E-06,33901.54284,33901.54284,10.03462,20,1.04208E-04,1.04208E-04,10409.71995,10409.71995,zbs+N320+N391+E212+E212+E51,DRE_DDEC
152,543.1236091,710.2836958,12.94257,20,1.219450E-05,1.973260E-06,32521.87464,32521.87464,12.94257,20,9.58253E-05,9.58253E-05,10612.77291,10612.77291,zbs+N320+N391+E50+E131+E51,DRE_DDEC
153,528.0588346,749.7941424,12.56454,20,1.528700E-05,1.643760E-06,35320.82302,35320.82302,12.56454,20,1.16169E-04,1.16169E-04,10667.79981,10667.79981,zbs+N320+N391+E50+E212+E50,DRE_DDEC
154,628.8204668,727.1593791,10.41213,20,1.276240E-05,1.925290E-06,34366.67639,33656.69502,10.41213,20,1.12951E-04,1.12951E-04,10279.80678,10279.80678,zbs+N320+N391+E50+E212+E51,DRE_DDEC
155,590.0395631,623.4723697,8.83223,20,1.314560E-05,1.386950E-06,32206.31186,32206.31186,8.83223,20,1.23969E-04,1.23969E-04,9602.20761,9602.20761,zbs+N320+N391+E51+E185+E51,DRE_DDEC
156,592.0113085,720.7371846,9.08706,20,1.604470E-05,1.841780E-06,33631.05832,33631.05832,9.08706,20,1.00153E-04,1.00153E-04,10470.67521,10470.67521,zbs+N320+N391+E51+E212+E51,DRE_DDEC
157,548.2870636,714.5860292,9.21859,20,1.460470E-05,2.197640E-06,34038.27492,32996.19039,9.21859,20,1.06596E-04,1.06596E-04,10264.68072,10264.68072,zbs+N320+N391+E51+E50+E51,DRE_DDEC
158,599.2501778,708.4014037,8.3468,20,1.932670E-05,2.131290E-06,32953.73541,32953.73541,8.3468,20,1.09074E-04,1.09074E-04,10188.98966,10188.98966,zbs+N320+N391+E51+E51+E51,DRE_DDEC
159,614.5324301,647.0340809,15.48196,11.72761,5.178540E-06,5.178540E-06,30357.17769,30356.85854,15.48196,11.72761,1.48796E-04,1.48796E-04,9313.13414,9313.13414,zbs+N320+N482+E19+E185+E51,DRE_DDEC
160,680.7592061,748.2221646,5.02368,20,1.331050E-05,3.897150E-06,31824.65517,31824.65517,5.02368,20,1.48509E-04,1.48509E-04,9450.27392,9450.27392,zbs+N320+N482+E51+E51+E51,DRE_DDEC
161,693.348679,631.5381675,8.09624,17.0005,7.855680E-06,3.010280E-06,39907.75667,31391.88627,8.09624,17.0005,1.10321E-04,1.10321E-04,10673.52934,10673.52934,zrc+N320+N395+N21+E51+E51,DRE_DDEC
162,679.2000748,635.6963115,10.4046,20,2.691510E-05,1.153950E-06,33658.37898,33658.37898,10.4046,20,1.38487E-04,1.38487E-04,10039.48393,10039.48393,zrc+N320+N395+N380+E18+E50,DRE_DDEC
163,751.6836685,716.1575518,13.61742,20,1.167950E-05,1.543410E-06,32547.17986,32409.40628,13.61742,20,1.19803E-04,1.19803E-04,10261.38876,10261.38876,aea+N439+N358+N320+E19+E105,DRE_DDEC
164,763.9515194,728.2288567,10.67837,20,1.668340E-05,1.786950E-06,32799.7688,32799.7688,10.67837,20,1.19053E-04,1.19053E-04,10368.89641,10368.89641,aea+N439+N358+N320+E212+E105,DRE_DDEC
165,712.9952145,699.05129,20,17.59636,4.874260E-06,4.569980E-06,33420.18565,27764.71492,20,17.59636,1.91320E-04,1.91320E-04,8668.97945,8668.97945,aea+N439+N712+N320+E105+E105,DRE_DDEC
166,676.6926203,717.5478365,12.42731,20,7.546190E-06,2.647200E-06,35799.11146,32293.69114,12.42731,20,1.17244E-04,1.17244E-04,10612.98464,10612.98464,aea+N439+N712+N320+E19+E105,DRE_DDEC
167,564.7309601,725.7713694,6.65015,17.609,4.908950E-06,3.202830E-06,41338.43221,32853.93032,6.65015,17.609,1.18539E-04,1.18539E-04,10783.72876,10783.72876,anh+N14+N320+E51,DRE_DDEC
168,635.781095,698.4738854,7.69808,18.14124,3.739720E-06,3.739720E-06,39348.98465,30937.36437,7.69808,18.14124,1.45120E-04,1.45120E-04,9972.21702,9972.21702,ant+N320+N37+E51,DRE_DDEC
169,618.9975893,747.2632005,7.60934,20,1.013200E-05,2.106330E-06,33781.94872,31006.23974,7.60934,20,1.68476E-04,1.68476E-04,8717.69341,8717.69341,apo+N18+N14+E51,DRE_DDEC
170,530.0717737,776.7150272,11.34897,19.36161,5.125560E-06,2.214940E-06,40579.94776,34008.99247,11.34897,19.36161,9.99243E-05,9.99243E-05,11051.43906,11051.43906,apo+N320+N14+E212,DRE_DDEC
171,2221.572414,742.8656508,20,20,1.092530E-05,8.922980E-07,34700.63832,34700.63832,20,20,8.57566E-05,8.57566E-05,11094.80097,11094.80097,apo+N320+N14+E44,DRE_DDEC
172,2476.545387,725.3302574,11.31904,17.42042,2.961170E-06,2.559510E-06,40004.41076,32911.32559,11.31904,17.42042,1.09332E-04,1.09332E-04,10284.45802,10284.45802,apo+N320+N14+E51,DRE_DDEC
173,504.8285216,729.1211515,8.87927,19.81084,6.956890E-06,2.669240E-06,39430.81353,32905.55295,8.87927,19.81084,9.95936E-05,9.95936E-05,10759.90974,10759.90974,apo+N320+N15+E51,DRE_DDEC
174,535.2844455,627.7182609,4.83222,17.98954,6.577650E-06,3.218320E-06,41466.45878,33702.46596,4.83222,17.98954,8.69112E-05,8.69112E-05,11589.85154,11589.85154,apo+N320+N400+E51,DRE_DDEC
175,608.3800018,758.003943,5.76982,13.29065,7.185790E-06,2.018140E-06,39220.20857,35325.41321,5.76982,13.29065,1.54645E-04,1.54645E-04,10075.51502,10075.51502,asc+N320+N14+N223+E51+E51,DRE_DDEC
176,615.2948919,784.3682825,5.14056,20,1.112750E-05,2.733370E-06,38014.75515,33136.1142,5.14056,20,8.50210E-05,8.50210E-05,11501.21166,11501.21166,asc+N320+N14+N3+E51+E50,DRE_DDEC
177,624.7610456,756.7924086,4.37219,20,1.394800E-05,2.531140E-06,36053.00237,32266.02579,4.37219,20,1.83130E-04,1.83130E-04,8962.13036,8962.13036,asc+N320+N14+N3+E51+E51,DRE_DDEC
178,428.8291786,604.23135,13.2024,20,1.255690E-05,1.809010E-06,29686.24809,29686.24809,13.2024,20,1.29618E-04,1.29618E-04,8919.86411,8919.86411,asp+N395+N206+N320+E212+E50,DRE_DDEC
179,441.7896784,588.0500379,9.59008,20,1.427530E-05,1.714730E-06,30272.07023,30272.07023,9.59008,20,1.33274E-04,1.33274E-04,9026.31322,9026.31322,asp+N395+N206+N320+E51+E50,DRE_DDEC
180,396.93773,605.9895659,10.73967,20,1.243960E-05,1.480950E-06,30583.17791,30583.17791,10.73967,20,1.54797E-04,1.54797E-04,8701.86922,8701.86922,asp+N395+N254+N320+E212+E50,DRE_DDEC
181,445.4880968,593.5399698,12.28777,20,1.201270E-05,1.596170E-06,30276.38349,30276.38349,12.28777,20,1.32871E-04,1.32871E-04,9043.80336,9043.80336,asp+N395+N254+N320+E50+E50,DRE_DDEC
182,451.3352747,589.5390957,7.36582,20,1.533950E-05,1.237110E-06,31783.43217,31783.43217,7.36582,20,1.48034E-04,1.48034E-04,9004.49047,9004.49047,asp+N395+N254+N320+E51+E50,DRE_DDEC
183,495.892276,601.3324215,9.6261,20,1.180170E-05,1.284380E-06,30892.17751,30892.17751,9.6261,20,1.71097E-04,1.71097E-04,8445.83267,8445.83267,asp+N395+N572+N320+E50+E50,DRE_DDEC
184,477.2390496,598.4916572,9.7004,20,1.081910E-05,1.303570E-06,30632.913,30632.913,9.7004,20,1.68899E-04,1.68899E-04,8284.85371,8284.85371,asp+N395+N572+N320+E51+E50,DRE_DDEC
185,537.1717067,754.8287132,17.93846,20,9.740310E-06,7.831670E-07,32779.76031,32779.76031,17.93846,20,1.42505E-04,1.42505E-04,9556.95821,9556.95821,asp+N398+N391+N320+E50+E50,DRE_DDEC
186,605.4925273,755.4497838,17.74076,20,1.036440E-05,8.039660E-07,32836.30571,32836.30571,17.74076,20,1.45008E-04,1.45008E-04,9542.23081,9542.23081,asp+N697+N391+N320+E50+E50,DRE_DDEC
187,493.3725936,807.047432,0.39422,0.07536,8.462890E-06,1.360520E-09,50000,44323.63329,0.39422,0.07536,3.80105E-08,3.80105E-08,24411.77238,24411.77238,bco+N223+N223+E185+E184+E171,DRE_DDEC
188,480.6035263,670.6884617,0.34326,0.36064,1.732000E-06,2.011410E-07,50000,38348.87658,0.34326,0.36064,3.41783E-06,3.41783E-06,19366.81663,19366.81663,cap+N306+E212,DRE_DDEC
189,541.4887905,729.5681522,15.87073,16.44765,3.993450E-06,3.895680E-06,38299.39181,29428.11301,15.87073,16.44765,1.61104E-04,1.61104E-04,9622.73224,9622.73224,cdj+N320+N14+E44+E51,DRE_DDEC
190,612.6727468,911.5892807,0.36384,0.37138,2.222520E-04,4.995330E-08,47921.01956,47919.8015,0.36384,0.37138,3.64380E-07,3.64380E-07,21958.01103,21958.01103,cds-b+N330+N461+E171,DRE_DDEC
191,571.7025004,583.8066199,7.66263,7.52163,3.168000E-06,3.168000E-06,35245.75172,35245.75172,7.66263,7.52163,1.01864E-04,1.01864E-04,11341.22526,11341.22526,cot+N221+N171+N346+E19+E105,DRE_DDEC
192,553.6091039,593.3919971,13.69223,0.68984,1.077600E-06,1.077600E-06,38708.9735,32001.28541,13.69223,0.68984,1.14316E-04,1.14316E-04,11205.23017,11205.23017,cot+N221+N171+N581+E19+E105,DRE_DDEC
193,620.8077009,875.4239671,11.66416,20,1.586890E-05,1.407850E-06,32144.47733,32144.47733,11.66416,20,1.38362E-04,1.38362E-04,9772.17685,9772.17685,dmc+N320+N62+E212+E51,DRE_DDEC
194,478.3430361,714.3765404,20,20,9.942430E-06,1.237820E-06,31381.55542,31381.55542,20,20,2.38100E-04,2.38100E-04,8080.0034,8080.0034,dnq+N276+N35+N320+E19+E105,DRE_DDEC
195,435.8257413,611.780893,4.13287,16.52887,1.959240E-05,4.511760E-06,39051.81464,31649.58245,4.13287,16.52887,1.16515E-04,1.16515E-04,10407.31615,10407.31615,dnq+N395+N530+N320+E51+E51,DRE_DDEC
196,452.9338616,702.1926232,6.49353,15.79843,5.124090E-06,1.842230E-06,38854.76889,35287.87179,6.49353,15.79843,1.04313E-04,1.04313E-04,11102.94217,11102.94217,epu+N452+N221+N18+E51+E105,DRE_DDEC
197,537.7399148,700.8404259,4.24304,20,6.779880E-06,3.071240E-06,36480.07939,32840.04434,4.24304,20,1.17469E-04,1.17469E-04,10257.82091,10257.82091,epu+N56+N221+N18+E51+E105,DRE_DDEC
198,422.7088254,777.6101109,10.20434,20,1.491410E-05,1.748560E-06,37266.24959,34371.71636,10.20434,20,9.93480E-05,9.93480E-05,11352.45568,11352.45568,fly+N14+N320+E13+E127+E199,DRE_DDEC
199,476.3251405,775.0599665,9.51098,20,1.827720E-05,1.165770E-06,36024.01962,34647.03958,9.51098,20,9.97129E-05,9.97129E-05,11281.42804,11281.42804,fly+N14+N320+E130+E127+E202,DRE_DDEC
200,454.2845989,784.4570914,14.29623,20,1.309120E-05,7.797190E-07,34283.06039,34283.06039,14.29623,20,1.05383E-04,1.05383E-04,10680.91245,10680.91245,fly+N14+N320+E147+E127+E199,DRE_DDEC
201,504.7847845,769.38377,9.03379,20,1.256330E-05,1.363830E-06,37221.65333,34725.29874,9.03379,20,1.06246E-04,1.06246E-04,11134.38219,11134.38219,fly+N14+N320+E149+E127+E202,DRE_DDEC
202,592.2246245,786.5134645,15.14248,20,1.173920E-05,6.996100E-07,34175.88521,34175.88521,15.14248,20,1.27066E-04,1.27066E-04,10217.3527,10217.3527,fly+N14+N320+E150+E127+E199,DRE_DDEC
203,619.0882636,737.895772,6.68111,20,3.229240E-05,1.377780E-06,35632.41527,35540.37795,6.68111,20,8.73670E-05,8.73670E-05,11620.66195,11620.66195,fly+N634+N320+E105+E50+E199,DRE_DDEC
204,629.814049,534.7751349,0.96303,7.56523,3.419470E-06,3.419470E-06,41408.11638,33096.49365,0.96303,7.56523,1.53248E-04,1.53248E-04,10078.52048,10078.52048,fse+N395+N541+E51+E44,DRE_DDEC
205,589.4824128,940.1101985,0.64997,0.62869,8.258650E-08,8.258610E-08,48012.95288,48012.95215,0.64997,0.62869,1.92216E-06,1.92216E-06,19384.26017,19384.26017,fsg+N62+N244+E105+E171+E13,DRE_DDEC
206,589.2461761,629.4374267,11.50494,20,1.246780E-05,1.736760E-06,30282.94181,30282.94181,11.50494,20,1.36668E-04,1.36668E-04,9036.31856,9036.31856,gra+N320+N172+E51+E185,DRE_DDEC
207,616.6370613,719.9570793,10.47837,18.35846,7.811220E-06,3.642360E-06,32337.16222,30759.38236,10.47837,18.35846,1.72407E-04,1.72407E-04,8629.63387,8629.63387,gra+N320+N172+E51+E51,DRE_DDEC
208,626.0901049,748.5651217,20,20,8.695450E-06,2.693150E-06,30164.18232,30164.18232,20,20,1.12083E-04,1.12083E-04,9739.84312,9739.84312,gra+N320+N300+E50+E51,DRE_DDEC
209,631.9985119,748.3546094,20,20,8.850290E-06,1.851750E-06,31563.14985,31563.14985,20,20,1.67609E-04,1.67609E-04,9048.64731,9048.64731,gra+N320+N391+E50+E13,DRE_DDEC
210,683.9191617,642.5274464,16.49758,20,1.136180E-05,1.042560E-06,32085.51548,32085.51548,16.49758,20,1.49623E-04,1.49623E-04,9184.14882,9184.14882,gra+N320+N391+E50+E185,DRE_DDEC
211,768.0248871,712.8354748,15.87725,20,9.933520E-06,9.603340E-07,32703.09059,32703.09059,15.87725,20,9.07133E-05,9.07133E-05,10441.32892,10441.32892,gra+N320+N391+E51+E51,DRE_DDEC
212,567.6864041,764.5277443,20,19.04811,4.411690E-06,4.411690E-06,29533.59605,29533.59605,20,19.04811,1.75254E-04,1.75254E-04,8239.83652,8239.83652,gra+N320+N572+E50+E212,DRE_DDEC
213,613.668183,729.8269604,19.87007,9.32531,6.147270E-06,6.147270E-06,29223.42659,27885.25706,19.87007,9.32531,1.86589E-04,1.86589E-04,8115.72272,8115.72272,gra+N320+N572+E51+E212,DRE_DDEC
214,603.0585746,716.2917849,16.67313,20,8.831120E-06,1.421250E-06,29732.67513,29732.67513,16.67313,20,1.52242E-04,1.52242E-04,8343.54555,8343.54555,gra+N320+N651+E51+E51,DRE_DDEC
215,651.0237942,741.6759035,20,20,9.858170E-06,1.265230E-06,31491.46161,31491.46161,20,20,1.98477E-04,1.98477E-04,8491.31874,8491.31874,hms+N320+N391+E19+E212,DRE_DDEC
216,787.8145582,724.4381398,20,20,1.074800E-05,1.121760E-06,32167.35822,32167.35822,20,20,1.73118E-04,1.73118E-04,8860.28486,8860.28486,hms+N320+N391+E19+E51,DRE_DDEC
217,594.6932735,775.7966484,10.51264,20,1.315580E-05,1.007530E-06,36272.63972,34269.17965,10.51264,20,1.84254E-04,1.84254E-04,9497.34937,9497.34937,hms+N320+N391+E212+E212,DRE_DDEC
218,618.5848166,764.8286961,13.5839,20,9.860300E-06,1.159860E-06,35610.6906,33461.80459,13.5839,20,1.45840E-04,1.45840E-04,9864.63618,9864.63618,hms+N320+N391+E212+E50,DRE_DDEC
219,724.2362922,747.8329137,20,20,9.614110E-06,7.507000E-07,34511.42159,34511.42159,20,20,1.12862E-04,1.12862E-04,10423.78354,10423.78354,hms+N320+N391+E50+E127,DRE_DDEC
220,533.261162,749.3656658,17.69762,20,6.185690E-06,1.180560E-06,36785.7791,33127.45061,17.69762,20,1.40941E-04,1.40941E-04,9840.08717,9840.08717,hms+N320+N391+E50+E212,DRE_DDEC
221,589.2351336,733.8774054,15.92921,20,7.590170E-06,1.417190E-06,36338.03305,32932.07745,15.92921,20,1.08319E-04,1.08319E-04,10627.25025,10627.25025,hms+N320+N391+E50+E51,DRE_DDEC
222,611.5245837,713.2039126,11.11384,20,7.065370E-06,2.429300E-06,34995.04919,30723.15616,11.11384,20,1.47139E-04,1.47139E-04,9415.62774,9415.62774,hms+N320+N391+E51+E50,DRE_DDEC
223,609.632995,750.0720963,12.22246,20,1.419130E-05,9.543760E-07,32684.11284,32684.11284,12.22246,20,1.84255E-04,1.84255E-04,8811.33491,8811.33491,hms+N320+N391+E51+E79,DRE_DDEC
224,618.924991,726.2020901,3.3125,18.85986,5.440480E-06,3.914630E-06,41949.53123,32423.42333,3.3125,18.85986,1.39875E-04,1.39875E-04,9961.38754,9961.38754,hww+N446+N320+E212+E51,DRE_DDEC
225,576.4823966,753.1913039,9.19219,20,8.578960E-06,2.289800E-06,36692.81992,34164.74875,9.19219,20,1.24035E-04,1.24035E-04,10719.78086,10719.78086,hww+N599+N320+E14+E50,DRE_DDEC
226,600.124382,786.7594395,3.77731,20,3.391700E-05,3.247370E-06,38149.07522,33928.81778,3.77731,20,1.15325E-04,1.15325E-04,11129.12181,11129.12181,hww+N599+N320+E151+E212,DRE_DDEC
227,682.2668866,757.0374224,8.68055,20,1.308050E-05,1.807940E-06,35920.6905,34543.51238,8.68055,20,8.07876E-05,8.07876E-05,11809.26559,11809.26559,hww+N599+N320+E171+E50,DRE_DDEC
228,607.3749282,725.9045598,2.75198,19.96226,7.342010E-06,3.888530E-06,39783.09133,33111.19145,2.75198,19.96226,1.52535E-04,1.52535E-04,9844.86614,9844.86614,hww+N599+N320+E171+E51,DRE_DDEC
229,683.2094582,722.8780773,2.78758,19.06599,2.841600E-05,3.360170E-06,38857.85522,33549.18508,2.78758,19.06599,1.13608E-04,1.13608E-04,10617.24063,10617.24063,hww+N599+N320+E19+E51,DRE_DDEC
230,567.9275867,755.4292516,10.57498,20,5.538990E-06,3.018960E-06,36783.08033,32967.67925,10.57498,20,8.63095E-05,8.63095E-05,11457.50336,11457.50336,hww+N599+N320+E199+E50,DRE_DDEC
231,551.5753411,724.6273891,4.35667,20,8.257350E-06,3.421620E-06,37057.08738,32699.79291,4.35667,20,1.32650E-04,1.32650E-04,9992.29925,9992.29925,hww+N599+N320+E199+E51,DRE_DDEC
232,1398.596992,782.3597025,4.06407,20,1.019810E-04,2.992610E-06,36504.71064,34551.06323,4.06407,20,9.45649E-05,9.45649E-05,11490.50686,11490.50686,hww+N599+N320+E212+E212,DRE_DDEC
233,513.9137512,755.8797361,5.80197,20,3.161700E-05,1.996530E-06,36407.61907,35424.67353,5.80197,20,9.65942E-05,9.65942E-05,11613.12172,11613.12172,hww+N599+N320+E212+E50,DRE_DDEC
234,546.5701675,725.5332543,3.29883,18.44355,1.419750E-05,3.587270E-06,39767.04813,33257.40039,3.29883,18.44355,1.33914E-04,1.33914E-04,10175.9995,10175.9995,hww+N599+N320+E212+E51,DRE_DDEC
235,498.3599812,754.2269283,7.525,20,1.550980E-05,2.065920E-06,37117.01109,34770.40154,7.525,20,8.86470E-05,8.86470E-05,11661.8289,11661.8289,hww+N599+N320+E50+E50,DRE_DDEC
236,1821.451634,722.4687947,3.07568,18.91404,1.402710E-05,3.188200E-06,40176.04618,33495.75286,3.07568,18.91404,1.42616E-04,1.42616E-04,9961.07034,9961.07034,hww+N599+N320+E50+E51,DRE_DDEC
237,649.6482426,733.766405,3.15946,19.13466,6.735410E-06,3.559590E-06,41508.57685,33574.30124,3.15946,19.13466,1.08278E-04,1.08278E-04,10775.75224,10775.75224,hww+N599+N320+E79+E51,DRE_DDEC
238,435.8376307,776.9364062,9.63028,18.71532,1.264830E-05,2.070270E-06,38654.82962,33733.98709,9.63028,18.71532,1.06673E-04,1.06673E-04,11103.32282,11103.32282,hwx+N14+N320+E212,DRE_DDEC
239,631.5767767,726.0676153,7.99612,17.57575,9.929950E-06,3.096130E-06,38778.26892,32825.86472,7.99612,17.57575,1.04605E-04,1.04605E-04,10985.81269,10985.81269,hwx+N14+N320+E51,DRE_DDEC
240,442.4985713,743.4399094,15.12616,20,1.244520E-05,1.030630E-06,33418.15035,33418.15035,15.12616,20,1.18287E-04,1.18287E-04,10456.51865,10456.51865,hwx+N220+N320+E127,DRE_DDEC
241,466.9000725,664.7034374,6.90581,18.70303,5.098890E-06,3.937720E-06,39976.27723,32424.10201,6.90581,18.70303,8.95601E-05,8.95601E-05,11456.94239,11456.94239,hwx+N400+N320+E212,DRE_DDEC
242,511.6593777,732.745678,20,20,6.235250E-06,3.339710E-06,30412.97168,30412.97168,20,20,1.08183E-04,1.08183E-04,10027.18071,10027.18071,hyb+N599+N320+E19+E50+E50,DRE_DDEC
243,604.9230255,758.2109732,15.1995,20,9.131840E-06,1.322750E-06,30823.97275,30823.97275,15.1995,20,9.27026E-05,9.27026E-05,10213.19246,10213.19246,hyb+N599+N320+E212+E51+E212,DRE_DDEC
244,590.3886391,639.3705315,3.77746,18.15753,4.718220E-06,2.540770E-06,39932.19435,34243.0804,3.77746,18.15753,8.58027E-05,8.58027E-05,11340.52751,11340.52751,ith-d+N18+N221+E51+E212,DRE_DDEC
245,673.5213026,738.1564637,8.80795,20,6.559310E-06,2.565530E-06,37637.63845,32846.22762,8.80795,20,1.11408E-04,1.11408E-04,10866.37167,10866.37167,ith-d+N320+N14+E44+E199,DRE_DDEC
246,633.9153052,738.6889226,13.48219,20,1.777830E-05,1.177550E-06,35852.54629,34257.8758,13.48219,20,1.24279E-04,1.24279E-04,10747.86862,10747.86862,jxj+N320+N14+E44,DRE_DDEC
247,464.2041438,725.921888,11.45808,20,8.868400E-06,1.273750E-06,30227.09335,30227.09335,11.45808,20,1.39485E-04,1.39485E-04,8653.90033,8653.90033,kdd+N320+N272+E51+E51,DRE_DDEC
248,821.5303247,745.1458759,18.44237,20,8.297450E-06,9.462420E-07,31815.26347,31815.26347,18.44237,20,8.74378E-05,8.74378E-05,10550.55393,10550.55393,kdd+N320+N300+E50+E51,DRE_DDEC
249,907.487814,724.3697735,12.72416,20,1.012370E-05,1.030700E-06,31446.51198,31446.51198,12.72416,20,1.41164E-04,1.41164E-04,9039.66076,9039.66076,kdd+N320+N300+E51+E51,DRE_DDEC
250,1888.488958,726.7630763,18.76835,20,1.156360E-05,9.577650E-07,31676.66882,31676.66882,18.76835,20,2.39630E-04,2.39630E-04,8171.88206,8171.88206,kdd+N320+N391+E50+E105,DRE_DDEC
251,1525.399969,743.1576236,20,20,9.215950E-06,1.258880E-06,32592.92943,32592.92943,20,20,1.35151E-04,1.35151E-04,9664.64578,9664.64578,kdd+N320+N391+E50+E13,DRE_DDEC
252,590.7281331,758.4006434,19.62669,20,8.006540E-06,6.408210E-07,34254.24684,34254.24684,19.62669,20,1.39033E-04,1.39033E-04,9504.02331,9504.02331,kdd+N320+N391+E50+E212,DRE_DDEC
253,578.8815681,720.5802205,19.20923,20,8.934840E-06,1.072080E-06,30701.39985,30701.39985,19.20923,20,1.94647E-04,1.94647E-04,7983.6772,7983.6772,kdd+N320+N391+E51+E13,DRE_DDEC
254,587.1578687,725.3341753,14.40917,20,1.057020E-05,7.786980E-07,33152.81438,33152.81438,14.40917,20,1.38809E-04,1.38809E-04,9215.05556,9215.05556,kdd+N320+N391+E51+E212,DRE_DDEC
255,595.280684,747.0162864,17.45807,20,6.921610E-06,6.814220E-07,32927.96419,32927.96419,17.45807,20,1.45062E-04,1.45062E-04,9182.26001,9182.26001,kdd+N320+N671+E50+E51,DRE_DDEC
256,651.9862878,728.6960651,13.60296,20,1.003120E-05,8.658460E-07,32275.61061,32275.61061,13.60296,20,1.50403E-04,1.50403E-04,8893.20241,8893.20241,kdd+N320+N671+E51+E50,DRE_DDEC
257,657.0008097,726.9318661,13.36261,20,9.661770E-06,9.019620E-07,31631.01751,31631.01751,13.36261,20,1.62046E-04,1.62046E-04,8460.7606,8460.7606,kdd+N320+N671+E51+E51,DRE_DDEC
258,416.3069298,604.95897,8.1203,20,4.643930E-06,2.548200E-06,37135.64733,31034.73612,8.1203,20,1.13415E-04,1.13415E-04,10066.40488,10066.40488,kew+N428+N221+N18+E44+E50,DRE_DDEC
259,627.3693628,602.6924021,7.12761,20,4.961790E-06,2.066740E-06,37376.06056,31520.97724,7.12761,20,1.28561E-04,1.28561E-04,9693.88529,9693.88529,kew+N428+N221+N18+E44+E51,DRE_DDEC
260,653.9405785,619.2420081,7.6486,20,8.780960E-06,2.246360E-06,34275.59056,30795.43806,7.6486,20,1.35138E-04,1.35138E-04,9448.80326,9448.80326,kew+N428+N221+N18+E50+E228,DRE_DDEC
261,669.0915731,616.5708637,7.90362,18.09288,3.828020E-06,3.035450E-06,38332.59487,31627.46057,7.90362,18.09288,1.28739E-04,1.28739E-04,9943.16601,9943.16601,kew+N428+N221+N18+E50+E50,DRE_DDEC
262,873.0832703,613.4776865,7.62043,18.55466,4.910320E-06,3.197320E-06,36977.16197,30767.768,7.62043,18.55466,1.18668E-04,1.18668E-04,9877.34123,9877.34123,kew+N428+N221+N18+E50+E51,DRE_DDEC
263,559.8044665,597.5059234,8.05113,20,3.646460E-06,3.646460E-06,36302.32828,28263.19953,8.05113,20,1.06692E-04,1.06692E-04,9709.77793,9709.77793,kew+N428+N428+N18+E50+E51,DRE_DDEC
264,737.3333561,607.4194253,7.03881,16.49215,1.405680E-05,3.488660E-06,40230.75603,33468.1705,7.03881,16.49215,8.76046E-05,8.76046E-05,11722.18328,11722.18328,kew+N428+N467+N320+E44+E51,DRE_DDEC
265,735.5245729,714.7564996,13.37792,20,5.176780E-06,3.304700E-06,36930.74969,31629.50585,13.37792,20,9.93007E-05,9.93007E-05,10918.45566,10918.45566,key+N135+N30+N320+E105+E199,DRE_DDEC
266,753.0000674,671.7671567,8.63637,20,1.026930E-05,2.106050E-06,35887.4342,32551.84161,8.63637,20,1.28004E-04,1.28004E-04,10124.23294,10124.23294,key+N135+N428+N320+E180+E199,DRE_DDEC
267,2049.229735,649.3338021,9.862,20,1.250710E-05,1.806570E-06,35478.32764,33217.12608,9.862,20,1.13358E-04,1.13358E-04,10385.85133,10385.85133,key+N135+N428+N320+E19+E199,DRE_DDEC
268,760.46258,786.9537563,15.8675,20,1.351130E-05,6.249830E-07,35389.1912,35389.1912,15.8675,20,1.04054E-04,1.04054E-04,11088.99157,11088.99157,key+N14+N467+N320+E127+E199,DRE_DDEC
269,632.9341566,716.214286,10.75306,20,8.913140E-06,1.849570E-06,37425.05858,32554.92442,10.75306,20,1.19530E-04,1.19530E-04,10311.7444,10311.7444,lhh+N391+N320+E50+E51,DRE_DDEC
270,665.541643,751.0209039,10.55663,20,1.113580E-05,1.658290E-06,37855.87407,33654.46293,10.55663,20,9.35548E-05,9.35548E-05,11363.90003,11363.90003,lhh+N391+N320+E51+E212,DRE_DDEC
271,570.4844242,732.8514041,13.01403,20,1.388570E-05,1.070400E-06,37103.42727,34800.07197,13.01403,20,9.47364E-05,9.47364E-05,11325.33575,11325.33575,lhh+N391+N320+E51+E50,DRE_DDEC
272,653.8098572,711.0152265,9.83334,19.81124,6.633950E-06,3.102970E-06,37291.24656,31057.21625,9.83334,19.81124,1.31267E-04,1.31267E-04,9873.7688,9873.7688,lhh+N391+N320+E51+E51,DRE_DDEC
273,537.7581726,678.667118,12.54587,20,3.958850E-06,3.677930E-06,35021.47814,30463.52166,12.54587,20,2.30097E-04,2.30097E-04,8215.59022,8215.59022,llj+N532+N320+E105,DRE_DDEC
274,703.3004367,683.9821199,20,18.22583,5.861760E-06,2.179570E-06,31950.87818,28655.34228,20,18.22583,2.19537E-04,2.19537E-04,7860.40489,7860.40489,llj+N56+N320+E105,DRE_DDEC
275,672.8204647,835.3569257,15.52235,20,9.955920E-06,5.592390E-07,35209.79976,35209.79976,15.52235,20,1.11223E-04,1.11223E-04,10753.57773,10753.57773,llj+N95+N320+E199,DRE_DDEC
276,530.6244623,688.095084,20,20,8.030510E-06,1.138990E-06,31168.06647,31017.66186,20,20,2.41334E-04,2.41334E-04,7682.75866,7682.75866,llk+N320+N358+E105,DRE_DDEC
277,469.7893947,684.1503687,16.4548,20,9.097430E-06,9.717170E-07,32337.43869,32337.43869,16.4548,20,1.96294E-04,1.96294E-04,8364.09617,8364.09617,llk+N320+N452+E105,DRE_DDEC
278,489.7851692,688.5522639,15.00008,20,8.496160E-06,1.429630E-06,32072.41714,30914.61793,15.00008,20,1.96729E-04,1.96729E-04,8380.1217,8380.1217,llk+N320+N56+E105,DRE_DDEC
279,517.0793817,743.3519168,16.93096,20,1.199460E-05,1.121350E-06,32085.10999,32085.10999,16.93096,20,1.20197E-04,1.20197E-04,10119.97263,10119.97263,mcf+N320+N391+E212+E50+E186,DRE_DDEC
280,468.6748559,748.9417638,9.28851,20,2.778580E-05,1.103500E-06,34144.11028,34144.11028,9.28851,20,1.51605E-04,1.51605E-04,10028.03983,10028.03983,mcf+N320+N391+E212+E50+E50,DRE_DDEC
281,537.0347064,730.5893644,8.86281,20,2.231060E-05,9.079320E-07,34645.67069,34645.67069,8.86281,20,1.25947E-04,1.25947E-04,10357.09989,10357.09989,mcf+N320+N391+E212+E50+E51,DRE_DDEC
282,571.7943273,760.4318743,9.79037,20,2.364560E-05,9.346340E-07,34504.43324,34504.43324,9.79037,20,1.69657E-04,1.69657E-04,9707.43075,9707.43075,mcf+N320+N391+E50+E50+E212,DRE_DDEC
283,599.4129042,745.2620582,8.89113,20,3.268490E-05,1.125890E-06,34389.95437,34389.95437,8.89113,20,1.22610E-04,1.22610E-04,10700.66376,10700.66376,mcf+N320+N391+E50+E50+E50,DRE_DDEC
284,554.8316751,729.4014073,9.72717,20,2.134780E-05,9.954950E-07,34293.99836,34293.99836,9.72717,20,1.24652E-04,1.24652E-04,10323.15801,10323.15801,mcf+N320+N391+E50+E50+E51,DRE_DDEC
285,456.3006984,772.8816372,20,7.28767,3.492850E-06,3.490500E-06,34764.01379,31412.50554,20,7.28767,1.80043E-04,1.80043E-04,9681.51597,9681.51597,mcn+N18+N123+E199+E50+E212,DRE_DDEC
286,561.9938898,778.6995324,8.57608,20,9.126420E-06,2.973760E-06,34285.90062,30791.81359,8.57608,20,1.40623E-04,1.40623E-04,9731.42628,9731.42628,mcn+N18+N14+E105+E50+E212,DRE_DDEC
287,469.1044953,784.7744436,5.51128,20,7.557530E-06,4.385190E-06,36610.45649,31094.46007,5.51128,20,1.36304E-04,1.36304E-04,10091.21125,10091.21125,mcn+N18+N14+E44+E50+E212,DRE_DDEC
288,572.0678062,757.8347431,10.0239,13.12868,5.539270E-06,1.889840E-06,35092.50145,31244.26838,10.0239,13.12868,1.26726E-04,1.26726E-04,9980.71406,9980.71406,mcn+N18+N14+E51+E51+E212,DRE_DDEC
289,532.986639,709.9297225,20,12.93558,4.452040E-06,3.652710E-06,34630.17956,31359.59164,20,12.93558,1.15160E-04,1.15160E-04,10406.57439,10406.57439,mcn+N320+N123+E105+E50+E202,DRE_DDEC
290,446.9708523,656.936256,18.29916,14.7323,3.085250E-06,6.972580E-07,41959.93928,36657.68216,18.29916,14.7323,7.11891E-05,7.11891E-05,12347.55528,12347.55528,mcn+N320+N221+E127+E50+E212,DRE_DDEC
291,461.9875763,638.0464284,6.25678,19.7571,9.982560E-06,2.980080E-06,38678.33895,33823.34717,6.25678,19.7571,7.26233E-05,7.26233E-05,11893.25126,11893.25126,mcn+N320+N400+E44+E50+E212,DRE_DDEC
292,564.8095758,765.5344621,19.26304,20,8.060560E-06,8.579160E-07,33572.86189,33572.86189,19.26304,20,1.06687E-04,1.06687E-04,10328.26122,10328.26122,mcn+N320+N467+E44+E50+E212,DRE_DDEC
293,383.589527,667.4365437,15.38859,13.60605,2.141320E-06,2.141320E-06,39074.53344,32035.8497,15.38859,13.60605,1.29834E-04,1.29834E-04,10481.37428,10481.37428,mmn+N18+N221+N164+E50+E44+E51,DRE_DDEC
294,380.8025197,671.2043669,11.91788,12.82765,3.888640E-06,2.808910E-06,37085.83317,31308.48717,11.91788,12.82765,1.40815E-04,1.40815E-04,10180.17143,10180.17143,mmn+N18+N221+N276+E51+E51+E43,DRE_DDEC
295,398.7112786,508.4126612,2.10172,9.00137,3.979870E-06,2.268110E-06,42413.1736,34001.76938,2.10172,9.00137,7.65726E-05,7.65726E-05,11762.32544,11762.32544,nox+N682+N395+E212+E50,DRE_DDEC
296,399.6597511,859.7265878,0.52473,0.82024,4.091290E-07,4.898620E-08,50000,42027.55318,0.52473,0.82024,1.05978E-06,1.05978E-06,21273.04156,21273.04156,pts-x+N6+N697+E115+E58,DRE_DDEC
297,470.7139155,732.8041473,20,6.32704,5.334120E-06,6.939330E-07,31530.96746,31066.43212,20,6.32704,1.79693E-04,1.79693E-04,8799.60234,8799.60234,pyr+N18+N634+E51,DRE_DDEC
298,483.7302381,762.5623998,20,20,8.555390E-06,3.180080E-06,32119.18708,31830.27305,20,20,1.21699E-04,1.21699E-04,10639.6384,10639.6384,pyr+N320+N425+E127,DRE_DDEC
299,2035.99427,845.4505089,20,19.15613,5.093640E-06,3.807760E-06,33703.66514,31066.01766,20,19.15613,1.32858E-04,1.32858E-04,9934.82832,9934.82832,pyr+N320+N49+E127,DRE_DDEC
300,1212.64303,807.0993887,20,16.36836,8.232890E-06,2.282090E-06,31991.21357,31991.21357,20,16.36836,1.24932E-04,1.24932E-04,10098.35969,10098.35969,pyr+N320+N49+E19,DRE_DDEC
301,2223.694992,840.6356372,19.71116,11.66557,5.212380E-06,1.068610E-06,36580.4093,33413.73991,19.71116,11.66557,1.23174E-04,1.23174E-04,10447.55213,10447.55213,pyr+N320+N49+E212,DRE_DDEC
302,692.4528764,819.3792332,20,10.55622,4.416240E-06,1.191760E-06,36811.20739,35080.08027,20,10.55622,1.17747E-04,1.17747E-04,10813.11236,10813.11236,pyr+N320+N49+E50,DRE_DDEC
303,636.6388089,771.2983715,13.29022,13.76862,4.462370E-06,2.523550E-06,36192.51106,32306.36284,13.29022,13.76862,1.09471E-04,1.09471E-04,10342.92306,10342.92306,pyr+N320+N49+E51,DRE_DDEC
304,619.3031945,752.1551951,20,17.72044,4.689050E-06,4.689050E-06,32069.6724,32069.6724,20,17.72044,1.66757E-04,1.66757E-04,9154.88781,9154.88781,pyr+N320+N659+E127,DRE_DDEC
305,644.4614197,705.3017021,8.04455,20,1.408540E-05,1.581030E-06,31245.97591,31245.97591,8.04455,20,2.29699E-04,2.29699E-04,7973.37814,7973.37814,rtl+N18+N173+E51,DRE_DDEC
306,642.4209782,705.2672896,6.36908,20,1.675960E-05,1.930410E-06,31107.20418,31107.20418,6.36908,20,1.70708E-04,1.70708E-04,8798.36519,8798.36519,rtl+N18+N220+E51,DRE_DDEC
307,643.8816815,765.4011474,3.4032,20,3.687880E-05,3.425600E-06,37256.82745,32225.25216,3.4032,20,1.28834E-04,1.28834E-04,10396.28272,10396.28272,rtl+N18+N232+E51,DRE_DDEC
308,687.4184917,759.9350774,16.36651,17.33743,4.262450E-06,1.503530E-06,39393.93764,34339.80884,16.36651,17.33743,8.78789E-05,8.78789E-05,11351.10826,11351.10826,rtl+N320+N14+E50,DRE_DDEC
309,700.2003025,726.5233023,13.40744,18.08684,3.049020E-06,2.952280E-06,39147.83484,31158.17084,13.40744,18.08684,1.12499E-04,1.12499E-04,10033.47437,10033.47437,rtl+N320+N14+E51,DRE_DDEC
310,852.5562376,692.4318578,18.05452,14.06393,4.231810E-06,1.371970E-06,35495.90744,30589.30515,18.05452,14.06393,1.43967E-04,1.43967E-04,9051.4921,9051.4921,rtl+N320+N182+E51,DRE_DDEC
311,1878.421039,751.3920526,18.69869,20,1.147290E-05,1.098450E-06,33112.00049,32382.75712,18.69869,20,1.80134E-04,1.80134E-04,9310.48067,9310.48067,rtl+N320+N289+E18,DRE_DDEC
312,2206.21469,769.4142929,10.77321,17.55691,3.395310E-06,3.283960E-06,37975.71046,30944.41712,10.77321,17.55691,1.03528E-04,1.03528E-04,10520.11207,10520.11207,rtl+N320+N49+E51,DRE_DDEC
313,1803.60302,724.2951852,7.15915,17.27256,1.045090E-05,2.918060E-06,39488.0777,33280.93413,7.15915,17.27256,9.54296E-05,9.54296E-05,11370.00248,11370.00248,sab+N320+N14+E51,DRE_DDEC
314,380.9351671,641.0150155,2.95057,17.35926,1.322750E-05,4.729200E-06,39097.40383,31086.75756,2.95057,17.35926,1.13687E-04,1.13687E-04,10463.43002,10463.43002,sab+N320+N373+E51,DRE_DDEC
315,397.2647357,742.869235,9.75836,20,9.664280E-06,2.279660E-06,38974.86806,34188.51186,9.75836,20,1.06894E-04,1.06894E-04,11431.75311,11431.75311,sit+N320+N14+E44,DRE_DDEC
316,480.9347853,726.3326405,5.66584,18.75513,2.037260E-05,1.988000E-06,39774.64477,35312.62892,5.66584,18.75513,9.96640E-05,9.96640E-05,11323.87908,11323.87908,sit+N320+N14+E51,DRE_DDEC
317,492.3524964,726.483807,8.1079,17.64737,1.008140E-05,1.936860E-06,41183.36257,34311.93963,8.1079,17.64737,8.34115E-05,8.34115E-05,11653.75988,11653.75988,sit+N320+N15+E51,DRE_DDEC
318,417.0171215,768.6211312,4.00707,17.83611,6.471630E-05,2.285250E-06,37443.48291,35466.52395,4.00707,17.83611,7.36147E-05,7.36147E-05,12208.18951,12208.18951,sit+N320+N49+E51,DRE_DDEC
319,413.5644261,764.0251239,9.52274,18.67785,6.960130E-06,1.943330E-06,38483.73878,35039.84063,9.52274,18.67785,8.10956E-05,8.10956E-05,12001.69045,12001.69045,tfz-d+N21+N320+E105+E73,DRE_DDEC
320,371.9054323,739.4260502,13.55835,20,1.666980E-05,9.862800E-07,34564.3416,34564.3416,13.55835,20,9.33887E-05,9.33887E-05,11322.83086,11322.83086,tfz-d+N35+N320+E105+E44,DRE_DDEC
321,453.58931,764.2983657,5.41939,20,5.021310E-05,2.098610E-06,38572.89072,35092.08536,5.41939,20,8.11828E-05,8.11828E-05,12052.3287,12052.3287,tfz-d+N35+N320+E105+E50,DRE_DDEC
322,461.8622552,709.1666818,18.2354,20,7.332000E-06,4.308780E-06,30399.05849,30399.05849,18.2354,20,1.96288E-04,1.96288E-04,8119.75965,8119.75965,tfz-d+N35+N320+E149+E105,DRE_DDEC
323,417.7573479,770.8889428,20,19.46442,4.131750E-06,4.131750E-06,35859.03479,26974.25785,20,19.46442,1.38313E-04,1.38313E-04,9514.76957,9514.76957,tsb+N277+N320+N425+E19+E212,DRE_DDEC
324,414.5004056,621.7355116,4.90674,20,7.192720E-06,5.176260E-06,39562.40703,30683.00361,4.90674,20,2.48747E-04,2.48747E-04,8601.91938,8601.91938,tsb+N277+N320+N428+E51+E51,DRE_DDEC
325,426.5958074,695.7139055,17.11221,16.90573,4.121320E-06,1.353040E-06,35893.21126,29230.72158,17.11221,16.90573,1.45140E-04,1.45140E-04,9464.79221,9464.79221,tsb+N495+N320+N425+E19+E212,DRE_DDEC
326,706.163847,619.3249784,7.87957,20,1.628080E-05,2.235720E-06,35059.91379,32268.32849,7.87957,20,2.15988E-04,2.15988E-04,8920.59853,8920.59853,tsb+N499+N320+N428+E51+E50,DRE_DDEC
327,2305.477234,728.6344365,10.28743,18.34407,4.833380E-06,4.833380E-06,35535.49966,28845.09948,10.28743,18.34407,1.53383E-04,1.53383E-04,9427.91065,9427.91065,tsh+N277+N320+N425+E19+E51,DRE_DDEC
328,1737.235669,743.0031709,20,15.78482,4.091810E-06,4.091800E-06,32435.54359,32435.54359,20,15.78482,1.17389E-04,1.17389E-04,10168.82163,10168.82163,tsx+N144+N320+E199,DRE_DDEC
329,493.5533076,720.8716875,16.59611,20,8.366770E-06,1.307430E-06,30005.39131,30005.39131,16.59611,20,1.81501E-04,1.81501E-04,8012.83154,8012.83154,tsx+N14+N18+E105,DRE_DDEC
330,576.9864565,703.0113694,15.39214,20,9.135600E-06,8.985320E-07,33448.73672,33448.73672,15.39214,20,9.94672E-05,9.94672E-05,10036.35201,10036.35201,tsx+N14+N320+E105,DRE_DDEC
331,730.9389638,763.2557893,20,14.02581,4.829950E-06,2.031870E-06,35124.5971,35124.5971,20,14.02581,1.16160E-04,1.16160E-04,10722.81477,10722.81477,tsx+N289+N320+E199,DRE_DDEC
332,574.9824313,702.746345,20,20,6.818300E-06,1.654960E-06,31592.07055,31592.07055,20,20,1.72719E-04,1.72719E-04,8584.53744,8584.53744,tsx+N334+N320+E105,DRE_DDEC
333,570.1920695,794.2731436,17.33672,16.01008,4.288650E-06,4.288650E-06,32240.47194,32240.43189,17.33672,16.01008,1.30571E-04,1.30571E-04,10050.42965,10050.42965,tsx+N382+N320+E199,DRE_DDEC
334,714.6549105,615.3880747,18.55522,20,7.055130E-06,8.398840E-07,31948.7732,31948.7732,18.55522,20,1.75979E-04,1.75979E-04,8291.80474,8291.80474,tsx+N400+N320+E105,DRE_DDEC
335,727.2179313,704.8631046,16.34526,20,8.574140E-06,1.258350E-06,30544.86713,30544.86713,16.34526,20,1.22447E-04,1.22447E-04,9302.80596,9302.80596,tsx+N634+N18+E105,DRE_DDEC
336,631.8383786,718.4892293,19.1651,20,5.793720E-06,5.793720E-06,31529.96006,28578.02698,19.1651,20,2.48369E-04,2.48369E-04,7872.84158,7872.84158,ttv+N320+N712+E180+E105,DRE_DDEC
337,749.0732756,706.9526002,20,20,7.508460E-06,2.943680E-06,30641.22425,30641.22425,20,20,3.31763E-04,3.31763E-04,7086.31591,7086.31591,ttv+N320+N712+E50+E105,DRE_DDEC
338,644.189781,738.850389,20,18.44106,5.517600E-06,5.517600E-06,31207.59959,29381.04296,20,18.44106,2.75387E-04,2.75387E-04,7577.59457,7577.59457,ttv+N320+N95+E171+E105,DRE_DDEC
339,739.4154914,743.0390122,20,16.64628,6.151790E-06,6.068070E-06,29683.5364,29683.5364,20,16.64628,2.42877E-04,2.42877E-04,7924.48597,7924.48597,ttv+N320+N95+E180+E105,DRE_DDEC
340,802.9317095,698.4814169,0.18791,0.25553,6.905840E-05,2.286300E-07,45891.18496,45891.18496,0.18791,0.25553,3.30870E-08,3.30870E-08,28082.33661,28082.33661,ukl+N32+E212,DRE_DDEC
341,801.4746294,757.8590832,0.38166,0.61703,3.845480E-07,1.403320E-08,46760.70428,43284.53794,0.38166,0.61703,3.60735E-06,3.60735E-06,18743.92735,18743.92735,ure+N623+E51,DRE_DDEC
342,645.7952732,590.0119087,5.15324,17.08019,2.648650E-06,2.648650E-06,38458.15331,33934.58046,5.15324,17.08019,1.20828E-04,1.20828E-04,10766.80266,10766.80266,vtx+N115+N221+E171+E44,DRE_DDEC
343,655.3379779,904.3143045,0.44405,8.73558,2.364560E-07,2.605280E-09,47672.24258,34749.82265,0.44405,8.73558,2.80279E-07,2.80279E-07,18080.42657,18080.42657,wma+N475+E212,DRE_DDEC
344,665.3189729,775.5541306,20,20,9.770600E-06,1.154730E-06,32902.68265,32194.00606,20,20,1.70280E-04,1.70280E-04,9262.11504,9262.11504,xab+N14+N320+E18+E127,DRE_DDEC
345,575.3248517,762.2323347,20,20,9.516110E-06,1.258930E-06,32854.07838,31521.69219,20,20,1.90201E-04,1.90201E-04,8855.97088,8855.97088,xab+N14+N320+E18+E51,DRE_DDEC
346,684.9286922,777.045974,17.92738,18.94155,5.259500E-06,3.631110E-06,35526.41,29953.81483,17.92738,18.94155,1.50458E-04,1.50458E-04,9676.90512,9676.90512,xao+N391+N320+E212+E212+E50,DRE_DDEC
347,540.0146901,754.9092485,14.61744,20,6.808660E-06,3.582480E-06,35487.1486,31677.09223,14.61744,20,1.67864E-04,1.67864E-04,9718.56011,9718.56011,xao+N391+N320+E51+E50+E212,DRE_DDEC
348,550.8561782,750.7124262,14.12405,20,7.506780E-06,3.023230E-06,35875.57544,32653.22339,14.12405,20,1.23653E-04,1.23653E-04,10691.75146,10691.75146,xao+N391+N320+E51+E50+E50,DRE_DDEC
349,725.6992057,744.5148346,13.2127,20,7.311220E-06,3.519960E-06,35419.99187,31964.7926,13.2127,20,9.93148E-05,9.93148E-05,11156.44691,11156.44691,xao+N391+N320+E51+E50+E51,DRE_DDEC
350,641.8207034,726.8155844,0.43354,0.0676,3.976710E-07,3.689530E-07,42618.87117,42618.87117,0.43354,0.0676,3.43815E-06,3.43815E-06,19531.75024,19531.75024,yav-d+N221+N693+E212+E51,DRE_DDEC
351,584.3312078,723.1141458,4.79974,20,4.016970E-05,2.783040E-06,31775.60467,31775.60467,4.79974,20,1.18666E-04,1.18666E-04,10301.40398,10301.40398,urz+N582+N420+N320+E51+E50,DRE_DDEC
352,568.1790544,712.1859614,1.36912,20,1.290370E-05,4.923900E-06,40579.9839,31458.88871,1.36912,20,1.75380E-04,1.75380E-04,9439.73645,9439.73645,urz+N582+N420+N320+E51+E51,DRE_DDEC
353,549.7310552,741.7583178,4.3228,20,3.413790E-05,3.055360E-06,31895.20379,31895.20379,4.3228,20,8.30849E-05,8.30849E-05,11166.70684,11166.70684,urz+N582+N649+N320+E51+E51,DRE_DDEC
354,628.7675169,733.060372,4.69032,20,3.740260E-05,2.520530E-06,32405.00282,32405.00282,4.69032,20,1.40377E-04,1.40377E-04,9832.82211,9832.82211,urz+N582+N73+N320+E51+E51,DRE_DDEC
355,547.5274392,722.4010895,5.91281,15.69203,6.246350E-06,3.030200E-06,39520.61082,33278.02022,5.91281,15.69203,1.16443E-04,1.16443E-04,10851.20486,10851.20486,urz+N615+N398+N320+E51+E51,DRE_DDEC
356,603.2031821,723.5719086,6.02781,17.13681,8.501310E-06,3.064430E-06,39464.18205,33211.82333,6.02781,17.13681,7.62384E-05,7.62384E-05,11910.12917,11910.12917,urz+N615+N649+N320+E51+E51,DRE_DDEC
357,646.5988215,798.1693529,19.19918,20,9.337610E-06,1.030040E-06,32575.79535,32575.79535,19.19918,20,8.42374E-05,8.42374E-05,11140.6357,11140.6357,xag+N320+N95+N113+E199+E50,DRE_DDEC
358,589.0459316,679.8991264,7.18721,14.87447,4.064300E-06,2.663970E-06,40381.09319,33294.53135,7.18721,14.87447,1.27628E-04,1.27628E-04,10573.77881,10573.77881,ylf+N15+N320+E51+E51+E185,DRE_DDEC
359,627.6264368,680.0333333,11.67262,18.74298,5.127450E-06,2.136140E-06,37855.64735,32468.96728,11.67262,18.74298,9.88873E-05,9.88873E-05,10741.61589,10741.61589,ylf+N30+N320+E51+E212+E202,DRE_DDEC
360,607.6284779,685.3907823,10.21287,19.06005,5.161740E-06,2.406080E-06,38334.64593,32476.15555,10.21287,19.06005,7.75394E-05,7.75394E-05,11381.68693,11381.68693,ylf+N30+N320+E51+E212+E212,DRE_DDEC
361,651.5176882,677.2614724,9.85999,19.27176,3.440810E-06,2.765660E-06,39208.13919,31985.20105,9.85999,19.27176,1.02186E-04,1.02186E-04,10657.35409,10657.35409,ylf+N30+N320+E51+E212+E51,DRE_DDEC
362,626.2662238,654.7445254,11.35303,20,1.681800E-05,9.437150E-07,34207.84149,34207.84149,11.35303,20,5.79258E-05,5.79258E-05,12379.97776,12379.97776,ylf+N30+N320+E51+E44+E212,DRE_DDEC
363,669.367583,664.6630552,9.89253,18.11696,4.172830E-06,2.550880E-06,38413.7723,32214.41463,9.89253,18.11696,1.08596E-04,1.08596E-04,10502.56322,10502.56322,ylf+N30+N320+E51+E51+E73,DRE_DDEC
364,638.2176888,751.4232793,14.54794,20,6.657170E-06,1.787170E-06,35077.51049,31433.77638,14.54794,20,1.21845E-04,1.21845E-04,10162.59008,10162.59008,ylf+N467+N320+E51+E212+E202,DRE_DDEC
365,621.9939416,764.5929672,13.22188,20,4.512780E-06,3.093200E-06,36513.7167,30670.72434,13.22188,20,1.14212E-04,1.14212E-04,10448.24855,10448.24855,ylf+N467+N320+E51+E212+E52,DRE_DDEC
366,599.9338464,715.1411809,11.61766,20,1.570930E-05,1.569200E-06,32400.41078,32400.41078,11.61766,20,1.29206E-04,1.29206E-04,9703.79958,9703.79958,zbs+N320+N391+E186+E51+E51,DRE_DDEC
367,645.0653626,723.3988336,15.91999,20,1.139580E-05,2.117050E-06,32381.90014,32381.90014,15.91999,20,9.33249E-05,9.33249E-05,10465.23568,10465.23568,zbs+N320+N391+E19+E127+E51,DRE_DDEC
368,726.7068701,745.2638969,17.93828,20,1.067740E-05,1.410870E-06,33681.61645,33681.61645,17.93828,20,9.45758E-05,9.45758E-05,10690.31276,10690.31276,zbs+N320+N391+E19+E212+E50,DRE_DDEC
369,670.0309861,722.2258378,11.79165,20,1.339680E-05,1.942590E-06,33583.79109,33583.79109,11.79165,20,1.15156E-04,1.15156E-04,10227.02833,10227.02833,zbs+N320+N391+E19+E212+E51,DRE_DDEC
370,669.7967056,729.7520453,17.55525,20,1.059040E-05,1.643870E-06,34284.57409,34284.57409,17.55525,20,9.94747E-05,9.94747E-05,10817.76357,10817.76357,zbs+N320+N391+E19+E44+E50,DRE_DDEC
371,645.2702299,725.0097297,12.83994,20,1.123650E-05,2.055020E-06,35278.62561,34567.82808,12.83994,20,1.05422E-04,1.05422E-04,10849.1885,10849.1885,zbs+N320+N391+E19+E51+E50,DRE_DDEC
372,687.4654465,709.9402295,10.96498,20,6.468530E-06,5.142260E-06,34974.50159,31054.80723,10.96498,20,1.22513E-04,1.22513E-04,9941.24864,9941.24864,zbs+N320+N391+E19+E51+E51,DRE_DDEC
373,726.667024,734.7589057,11.16892,20,1.246860E-05,1.774490E-06,34810.90015,34810.90015,11.16892,20,9.52169E-05,9.52169E-05,10960.19497,10960.19497,zbs+N320+N391+E212+E51+E50,DRE_DDEC
374,720.4433848,719.3298606,9.63231,20,1.245630E-05,2.129320E-06,33828.54144,32907.33863,9.63231,20,1.10629E-04,1.10629E-04,10128.04538,10128.04538,zbs+N320+N391+E212+E51+E51,DRE_DDEC
375,839.263493,709.5972632,11.69581,20,1.463990E-05,2.381900E-06,32487.97835,32487.97835,11.69581,20,1.26120E-04,1.26120E-04,9781.3897,9781.3897,zbs+N320+N391+E44+E51+E51,DRE_DDEC
376,734.1604592,722.2426842,10.33797,20,1.348920E-05,1.654690E-06,35181.72418,34380.32577,10.33797,20,1.05048E-04,1.05048E-04,10687.65405,10687.65405,zbs+N320+N391+E51+E51+E50,DRE_DDEC
377,634.1086674,717.9805894,1.36317,18.89663,3.544770E-06,3.544770E-06,42009.96124,31264.33941,1.36317,18.89663,1.21750E-04,1.21750E-04,9893.28245,9893.28245,zbs+N320+N572+E51+E51+E51,DRE_DDEC
378,545.9045666,718.1498223,4.93474,20,3.236360E-05,2.507650E-06,32392.98414,32134.20921,4.93474,20,1.01787E-04,1.01787E-04,10422.23141,10422.23141,zbs+N320+N671+E51+E51+E51,DRE_DDEC
379,443.244241,784.4449274,15.0931,20,1.337090E-05,1.015730E-06,33217.49977,33217.49977,15.0931,20,2.11143E-04,2.11143E-04,8965.44612,8965.44612,zzz+N320+N14+E199,DRE_DDEC
